﻿<?xml version="1.0" encoding="utf-8"?>
<publishData>
  <publishProfile publishUrl="D:\meh\Proyecto\Deployed" deleteExistingFiles="True" ftpAnonymousLogin="False" ftpPassiveMode="True" msdeploySite="" msdeploySiteID="" msdeployRemoteSitePhysicalPath="" msdeployAllowUntrustedCertificate="False" msdeploySkipExtraFilesOnServer="True" msdeployMarkAsApp="False" profileName="Profile1" publishMethod="FileSystem" replaceMatchingFiles="False" userName="" savePWD="False" userPWD="" SelectedForPublish="True">
    <file relUrl="img/contenido/canales/once.png" publishTime="05/15/2015 20:21:04" />
    <file relUrl="img/cerrar.png" publishTime="05/15/2015 20:20:34" />
    <file relUrl="img/contenido/canales/bw/cinemax.png" publishTime="05/15/2015 20:21:12" />
    <file relUrl="Views/EnTuEmpresa/ContactoComercial.aspx" publishTime="06/24/2015 13:14:45" />
    <file relUrl="img/contenido/canales/travel-living.png" publishTime="05/15/2015 20:21:08" />
    <file relUrl="Views/SobreMaxcom/OficinasCorporativas.aspx" publishTime="06/24/2015 13:14:45" />
    <file relUrl="img/btn_l-h.png" publishTime="05/15/2015 20:20:32" />
    <file relUrl="css/styles.css" publishTime="06/24/2015 14:20:39" />
    <file relUrl="img/tab_bg.png" publishTime="05/15/2015 20:20:40" />
    <file relUrl="img/btn_bg.png" publishTime="05/15/2015 20:20:30" />
    <file relUrl="img/contenido/call-center.png" publishTime="05/15/2015 20:20:44" />
    <file relUrl="img/contenido/canales/isat.png" publishTime="05/15/2015 20:21:02" />
    <file relUrl="img/contenido/max-internet.png" publishTime="05/15/2015 20:20:48" />
    <file relUrl="img/contenido/musica-ico.png" publishTime="05/15/2015 20:20:50" />
    <file relUrl="img/contenido/canales/bw/mc.png" publishTime="05/15/2015 20:21:18" />
    <file relUrl="img/contenido/canales/bw/glitz.png" publishTime="05/15/2015 20:21:14" />
    <file relUrl="img/contenido/about-empresa.png" publishTime="05/15/2015 20:20:42" />
    <file relUrl="img/contenido/canales/bw/fashion-one.png" publishTime="05/15/2015 20:21:14" />
    <file relUrl="img/contenido/canales/fashion-one.png" publishTime="05/15/2015 20:20:58" />
    <file relUrl="img/contenido/canales/bw/vivid-tv.png" publishTime="05/15/2015 20:21:22" />
    <file relUrl="img/contenido/canales/bw/tiin.png" publishTime="05/15/2015 20:21:20" />
    <file relUrl="img/shadow.png" publishTime="05/15/2015 20:20:40" />
    <file relUrl="img/sub.png" publishTime="05/15/2015 20:20:40" />
    <file relUrl="img/contenido/canales/bw/travel-living.png" publishTime="05/15/2015 20:21:22" />
    <file relUrl="img/clientes.png" publishTime="05/15/2015 20:20:34" />
    <file relUrl="Areas/AtencionAClientes/Views/Localizador/Index.aspx" publishTime="06/24/2015 13:14:45" />
    <file relUrl="img/btn_geo-h.png" publishTime="05/15/2015 20:20:32" />
    <file relUrl="img/contenido/oficina-puebla.jpg" publishTime="05/15/2015 20:20:50" />
    <file relUrl="Areas/AccesoClientes/Views/Mail/Index.aspx" publishTime="06/24/2015 13:14:38" />
    <file relUrl="img/contenido/canales/bw/hbo.png" publishTime="05/15/2015 20:21:16" />
    <file relUrl="img/contenido/close.png" publishTime="05/15/2015 20:20:44" />
    <file relUrl="bin/System.Web.Mvc.xml" publishTime="02/09/2011 10:26:24" />
    <file relUrl="img/contenido/canales/bw/canal-cinco.png" publishTime="05/15/2015 20:21:10" />
    <file relUrl="img/contenido/canales/hbo-plus-oeste.png" publishTime="05/15/2015 20:21:00" />
    <file relUrl="img/contenido/max-movil-logo.png" publishTime="05/15/2015 20:20:48" />
    <file relUrl="img/contenido/canales/edge.png" publishTime="05/15/2015 20:20:58" />
    <file relUrl="img/contenido/ninos-ico.png" publishTime="05/15/2015 20:20:50" />
    <file relUrl="img/contenido/canales/ingenio-tv.png" publishTime="05/15/2015 20:21:02" />
    <file relUrl="img/contenido/canales/syfy.png" publishTime="05/15/2015 20:21:06" />
    <file relUrl="img/btn-sombra_r.png" publishTime="05/15/2015 20:20:30" />
    <file relUrl="img/slide_control.png" publishTime="05/15/2015 20:20:40" />
    <file relUrl="js/mapa.js" publishTime="06/24/2015 02:07:50" />
    <file relUrl="img/contenido/canales/bw/canal-estrellas2.png" publishTime="05/15/2015 20:21:10" />
    <file relUrl="img/contenido/canales/warnerbros.png" publishTime="05/15/2015 20:21:08" />
    <file relUrl="img/fija.png" publishTime="05/15/2015 20:20:36" />
    <file relUrl="img/contenido/canales/DHE.png" publishTime="05/15/2015 20:20:56" />
    <file relUrl="img/contenido/wm01.png" publishTime="05/15/2015 20:20:54" />
    <file relUrl="img/contenido/canales/discovery.png" publishTime="05/15/2015 20:20:58" />
    <file relUrl="img/clientes_h.png" publishTime="05/15/2015 20:20:34" />
    <file relUrl="img/contenido/canales/bw/fox-life.png" publishTime="05/15/2015 20:21:14" />
    <file relUrl="img/contenido/canales/nick-toons.png" publishTime="05/15/2015 20:21:04" />
    <file relUrl="img/about.png" publishTime="05/15/2015 20:20:24" />
    <file relUrl="img/contenido/canales/tlnovelas.png" publishTime="05/15/2015 20:21:06" />
    <file relUrl="img/contenido/seguro-desempleo.png" publishTime="05/15/2015 20:20:52" />
    <file relUrl="img/contenido/canales/bw/unicable.png" publishTime="05/15/2015 20:21:22" />
    <file relUrl="img/contenido/canales/bw/DHE.png" publishTime="05/15/2015 20:21:12" />
    <file relUrl="img/contenido/identidad.png" publishTime="05/15/2015 20:20:48" />
    <file relUrl="img/contenido/navegador-ico.png" publishTime="05/15/2015 20:20:50" />
    <file relUrl="img/contenido/canales/bw/tnt.png" publishTime="05/15/2015 20:21:22" />
    <file relUrl="img/btn_dl_r.png" publishTime="05/15/2015 20:20:32" />
    <file relUrl="img/contenido/canales/bw/discovery-science.png" publishTime="05/15/2015 20:21:12" />
    <file relUrl="img/contenido/canales/bw/una-voz-con-todos.png" publishTime="05/15/2015 20:21:22" />
    <file relUrl="img/contenido/canales/canal-congreso.png" publishTime="05/15/2015 20:20:56" />
    <file relUrl="img/contenido/canales/tbs.png" publishTime="05/15/2015 20:21:06" />
    <file relUrl="img/contenido/canales/turbo.png" publishTime="05/15/2015 20:21:08" />
    <file relUrl="img/contenido/canales/tnt.png" publishTime="05/15/2015 20:21:06" />
    <file relUrl="img/contenido/canales/bw/kw.png" publishTime="05/15/2015 20:21:18" />
    <file relUrl="img/added.png" publishTime="05/15/2015 20:20:26" />
    <file relUrl="Views/SobreMaxcom/Index.aspx" publishTime="06/24/2015 13:14:45" />
    <file relUrl="img/tw.png" publishTime="05/15/2015 20:20:40" />
    <file relUrl="img/empresa.png" publishTime="05/15/2015 20:20:36" />
    <file relUrl="Views/EnTuHogar/MaxDiversion.aspx" publishTime="06/24/2015 13:14:45" />
    <file relUrl="img/tv.png" publishTime="05/15/2015 20:20:40" />
    <file relUrl="img/contenido/canales/bw/edge.png" publishTime="05/15/2015 20:21:14" />
    <file relUrl="img/contenido/canales/gala-tv.png" publishTime="05/15/2015 20:21:00" />
    <file relUrl="img/contenido/vision.png" publishTime="05/15/2015 20:20:54" />
    <file relUrl="img/contenido/conmutador.jpg" publishTime="05/15/2015 20:20:46" />
    <file relUrl="img/contenido/4-play.png" publishTime="05/15/2015 20:20:42" />
    <file relUrl="img/unchecked.png" publishTime="05/15/2015 20:20:40" />
    <file relUrl="img/contenido/icon-inversionistas.png" publishTime="05/15/2015 20:20:48" />
    <file relUrl="img/contenido/canales/bw/history-channel.png" publishTime="05/15/2015 20:21:16" />
    <file relUrl="img/contenido/canales/tv-unam.png" publishTime="05/15/2015 20:21:08" />
    <file relUrl="img/contenido/canales/cinemax.png" publishTime="05/15/2015 20:20:56" />
    <file relUrl="img/contenido/4mb.png" publishTime="05/15/2015 20:20:42" />
    <file relUrl="img/contenido/oficina-queretaro.jpg" publishTime="05/15/2015 20:20:50" />
    <file relUrl="img/contenido/canales/bw/paramount-channel.png" publishTime="05/15/2015 20:21:18" />
    <file relUrl="img/contenido/canales/bw/cbeebies.png" publishTime="05/15/2015 20:21:10" />
    <file relUrl="img/contenido/canales/hbo2.png" publishTime="05/15/2015 20:21:00" />
    <file relUrl="img/contenido/canales/bw/paromount-channel.png" publishTime="05/15/2015 20:21:18" />
    <file relUrl="img/contenido/canales/bw/distrito-comedia.png" publishTime="05/15/2015 20:21:12" />
    <file relUrl="img/contenido/canales/mp-multiplayer.png" publishTime="05/15/2015 20:21:04" />
    <file relUrl="img/contenido/canales/bw/mundo-fox.png" publishTime="05/15/2015 20:21:18" />
    <file relUrl="img/contenido/canales/bw/universal-channel.png" publishTime="05/15/2015 20:21:22" />
    <file relUrl="img/contenido/canales/bw/telehit.png" publishTime="05/15/2015 20:21:20" />
    <file relUrl="img/contenido/canales/mariavision.png" publishTime="05/15/2015 20:21:02" />
    <file relUrl="img/contenido/canales/bw/ritmoson.png" publishTime="05/15/2015 20:21:18" />
    <file relUrl="img/contenido/canales/bw/syfy.png" publishTime="05/15/2015 20:21:20" />
    <file relUrl="img/contenido/canales/bw/gala-tv.png" publishTime="05/15/2015 20:21:14" />
    <file relUrl="Areas/AccesoClientes/Views/MiCuenta/RecuperaContrasena.aspx" publishTime="06/23/2015 23:09:48" />
    <file relUrl="img/contenido/canales/disney-xd.png" publishTime="05/15/2015 20:20:58" />
    <file relUrl="img/contenido/lineamax-logo.png" publishTime="05/15/2015 20:20:48" />
    <file relUrl="img/contenido/canales/bw/espn2.png" publishTime="05/15/2015 20:21:14" />
    <file relUrl="Views/EnTuHogar/MaxMovil.aspx" publishTime="06/24/2015 13:14:31" />
    <file relUrl="img/btn_geo.png" publishTime="05/15/2015 20:20:32" />
    <file relUrl="Views/EnTuEmpresa/SolucionesDeConectividad.aspx" publishTime="06/24/2015 13:14:45" />
    <file relUrl="img/contenido/canales/bw/novelas.png" publishTime="05/15/2015 20:21:18" />
    <file relUrl="img/contenido/mision.png" publishTime="05/15/2015 20:20:50" />
    <file relUrl="img/btn-porta-h.png" publishTime="05/15/2015 20:20:30" />
    <file relUrl="img/contenido/canales/novelas.png" publishTime="05/15/2015 20:21:04" />
    <file relUrl="img/contenido/canales/discovery-science.png" publishTime="05/15/2015 20:20:58" />
    <file relUrl="img/btn-sombra_bg-h.png" publishTime="05/15/2015 20:20:30" />
    <file relUrl="img/contenido/canales/fox.png" publishTime="05/15/2015 20:21:00" />
    <file relUrl="img/contenido/canales/mundo-fox.png" publishTime="05/15/2015 20:21:04" />
    <file relUrl="img/contenido/home-empresa.png" publishTime="05/15/2015 20:20:46" />
    <file relUrl="img/contenido/icon-oficinas.png" publishTime="05/15/2015 20:20:48" />
    <file relUrl="img/contenido/canales/axn.png" publishTime="05/15/2015 20:20:54" />
    <file relUrl="img/btn-h.png" publishTime="05/15/2015 20:20:28" />
    <file relUrl="img/contenido/canales/22.png" publishTime="05/15/2015 20:20:54" />
    <file relUrl="img/btn-sombra-h.png" publishTime="05/15/2015 20:20:30" />
    <file relUrl="img/btn_bg-h.png" publishTime="05/15/2015 20:20:30" />
    <file relUrl="img/contenido/w-comunicacion-dark.png" publishTime="05/15/2015 20:20:54" />
    <file relUrl="img/contenido/canales/bw/tooncast.png" publishTime="05/15/2015 20:21:22" />
    <file relUrl="img/contenido/canales/bw/home-health.png" publishTime="05/15/2015 20:21:16" />
    <file relUrl="img/contenido/canales/bw/tdn-2.png" publishTime="05/15/2015 20:21:20" />
    <file relUrl="img/contenido/oferta-hogar.png" publishTime="05/15/2015 20:20:50" />
    <file relUrl="img/contenido/canales/cine-latino.png" publishTime="05/15/2015 20:20:56" />
    <file relUrl="img/contenido/canales/bw/disney-xd.png" publishTime="05/15/2015 20:21:12" />
    <file relUrl="Areas/AccesoClientes/Views/Web.config" publishTime="06/23/2015 23:09:48" />
    <file relUrl="Areas/AtencionAClientes/Views/EnvianosUnMensaje/Index.aspx" publishTime="06/24/2015 13:14:45" />
    <file relUrl="img/menu.png" publishTime="05/15/2015 20:20:38" />
    <file relUrl="img/contenido/canales/cartoon-network.png" publishTime="05/15/2015 20:20:56" />
    <file relUrl="img/contenido/canales/bw/tru-tv.png" publishTime="05/15/2015 20:21:22" />
    <file relUrl="img/contenido/smart-5.png" publishTime="05/15/2015 20:20:52" />
    <file relUrl="img/contenido/canales/bw/wobi.png" publishTime="05/15/2015 20:21:22" />
    <file relUrl="img/row.png" publishTime="05/15/2015 20:20:40" />
    <file relUrl="img/contenido/canales/max-prime.png" publishTime="05/15/2015 20:21:02" />
    <file relUrl="img/contenido/mensaje-icon.png" publishTime="05/15/2015 20:20:50" />
    <file relUrl="img/contenido/tutoriales-guias-icon.png" publishTime="05/15/2015 20:20:52" />
    <file relUrl="img/contenido/canales/bw/tnt-series.png" publishTime="05/15/2015 20:21:22" />
    <file relUrl="Views/AvisoDePrivacidad/Index.aspx" publishTime="06/23/2015 23:10:59" />
    <file relUrl="img/contenido/canales/bw/mp-multiplayer.png" publishTime="05/15/2015 20:21:18" />
    <file relUrl="img/contenido/canales/distrito-comedia.png" publishTime="05/15/2015 20:20:58" />
    <file relUrl="img/contenido/canales/espn.png" publishTime="05/15/2015 20:20:58" />
    <file relUrl="img/contenido/max-conexion.png" publishTime="05/15/2015 20:20:48" />
    <file relUrl="img/tw-h.png" publishTime="05/15/2015 20:20:40" />
    <file relUrl="Views/EnTuEmpresa/SolucionesCompartidas.aspx" publishTime="06/24/2015 13:14:45" />
    <file relUrl="img/contenido/canales/bw/cartoon-network.png" publishTime="05/15/2015 20:21:10" />
    <file relUrl="img/btn_dl_l.png" publishTime="05/15/2015 20:20:30" />
    <file relUrl="img/contenido/canales/bw/e.png" publishTime="05/15/2015 20:21:14" />
    <file relUrl="img/contenido/canales/vivid-tv.png" publishTime="05/15/2015 20:21:08" />
    <file relUrl="img/btn_wide_bg.png" publishTime="05/15/2015 20:20:34" />
    <file relUrl="img/logo.png" publishTime="05/15/2015 20:20:38" />
    <file relUrl="img/contenido/canales/bw/ingenio-tv.png" publishTime="05/15/2015 20:21:16" />
    <file relUrl="Views/Suertudo/Index.aspx" publishTime="06/24/2015 13:14:38" />
    <file relUrl="img/contenido/canales/fx.png" publishTime="05/15/2015 20:21:00" />
    <file relUrl="img/card.png" publishTime="05/15/2015 20:20:34" />
    <file relUrl="img/contenido/canales/wobi.png" publishTime="05/15/2015 20:21:08" />
    <file relUrl="img/contenido/zondazm.png" publishTime="05/15/2015 20:20:54" />
    <file relUrl="img/btn_wide_r-h.png" publishTime="05/15/2015 20:20:34" />
    <file relUrl="Global.asax" publishTime="06/23/2015 23:09:48" />
    <file relUrl="img/contenido/canales/bw/de-pelicula.png" publishTime="05/15/2015 20:21:12" />
    <file relUrl="img/contenido/canales/de-pelicula.png" publishTime="05/15/2015 20:20:56" />
    <file relUrl="img/contenido/canales/bw/ng-channel.png" publishTime="05/15/2015 20:21:18" />
    <file relUrl="img/contenido/canales/tdn.png" publishTime="05/15/2015 20:21:06" />
    <file relUrl="img/contenido/intelbras-02.png" publishTime="05/15/2015 20:20:48" />
    <file relUrl="img/contenido/canales/canal-estrellas2.png" publishTime="05/15/2015 20:20:56" />
    <file relUrl="img/tail.png" publishTime="05/15/2015 20:20:40" />
    <file relUrl="img/contenido/canales/bw/film-zone.png" publishTime="05/15/2015 20:21:14" />
    <file relUrl="Views/Web.config" publishTime="06/23/2015 23:09:50" />
    <file relUrl="img/contenido/w-cloud.png" publishTime="05/15/2015 20:20:54" />
    <file relUrl="img/uploads/wobi-01.jpg" publishTime="05/15/2015 20:21:22" />
    <file relUrl="img/contenido/canales/bw/id.png" publishTime="05/15/2015 20:21:16" />
    <file relUrl="img/contenido/canales/bw/fox-sports.png" publishTime="05/15/2015 20:21:14" />
    <file relUrl="img/contenido/canales/bw/cnn.png" publishTime="05/15/2015 20:21:12" />
    <file relUrl="img/contenido/zonda.png" publishTime="05/15/2015 20:20:54" />
    <file relUrl="js/lightbox.js" publishTime="06/23/2015 23:09:48" />
    <file relUrl="img/tab_l.png" publishTime="05/15/2015 20:20:40" />
    <file relUrl="img/contenido/canales/bw/canal-estrellas.png" publishTime="05/15/2015 20:21:10" />
    <file relUrl="img/menu_h.png" publishTime="05/15/2015 20:20:38" />
    <file relUrl="img/contenido/canales/bw/premier.png" publishTime="05/15/2015 20:21:18" />
    <file relUrl="img/contenido/canales/baby-tv.png" publishTime="05/15/2015 20:20:54" />
    <file relUrl="img/tab_r.png" publishTime="05/15/2015 20:20:40" />
    <file relUrl="css/lightbox.css" publishTime="05/19/2015 13:06:20" />
    <file relUrl="bin/System.Web.WebPages.Razor.xml" publishTime="06/24/2015 02:15:25" />
    <file relUrl="img/contenido/canales/history-channel2.png" publishTime="05/15/2015 20:21:00" />
    <file relUrl="img/contenido/canales/id.png" publishTime="05/15/2015 20:21:02" />
    <file relUrl="img/btn.png" publishTime="05/15/2015 20:20:30" />
    <file relUrl="img/contenido/canales/bw/sony.png" publishTime="05/15/2015 20:21:20" />
    <file relUrl="img/contenido/canales/discovery-civilization.png" publishTime="05/15/2015 20:20:58" />
    <file relUrl="img/contenido/canales/bw/turbo.png" publishTime="05/15/2015 20:21:22" />
    <file relUrl="img/contenido/canales/bw/history-channel2.png" publishTime="05/15/2015 20:21:16" />
    <file relUrl="img/contenido/canales/cuarenta.png" publishTime="05/15/2015 20:20:56" />
    <file relUrl="img/contenido/linea-max.png" publishTime="05/15/2015 20:20:48" />
    <file relUrl="img/contenido/biz-grande.png" publishTime="05/15/2015 20:20:44" />
    <file relUrl="img/contenido/oficina-df.jpg" publishTime="05/15/2015 20:20:50" />
    <file relUrl="Views/Home/Index.aspx" publishTime="06/23/2015 23:10:59" />
    <file relUrl="img/current_slide.png" publishTime="05/15/2015 20:20:36" />
    <file relUrl="Areas/AtencionAClientes/Views/EnvianosUnMensaje/QuieroSerCliente.aspx" publishTime="06/24/2015 13:14:45" />
    <file relUrl="img/contenido/canales/ritmoson.png" publishTime="05/15/2015 20:21:04" />
    <file relUrl="img/contenido/protocolos-ico.png" publishTime="05/15/2015 20:20:52" />
    <file relUrl="img/contenido/canales/unicable.png" publishTime="05/15/2015 20:21:08" />
    <file relUrl="img/contenido/canales/discovery-channel.png" publishTime="05/15/2015 20:20:58" />
    <file relUrl="Web.config" publishTime="06/24/2015 01:53:21" />
    <file relUrl="img/contenido/canales/htv.png" publishTime="05/15/2015 20:21:02" />
    <file relUrl="img/contenido/tutoriales-icon.png" publishTime="05/15/2015 20:20:52" />
    <file relUrl="img/contenido/canales/canal-estrellas.png" publishTime="05/15/2015 20:20:56" />
    <file relUrl="img/contenido/canales/cbeebies.png" publishTime="05/15/2015 20:20:56" />
    <file relUrl="img/btn_wide_l.png" publishTime="05/15/2015 20:20:34" />
    <file relUrl="img/config-pleca.png" publishTime="05/15/2015 20:20:36" />
    <file relUrl="img/fourth.png" publishTime="05/15/2015 20:20:36" />
    <file relUrl="img/yt-h.png" publishTime="05/15/2015 20:20:40" />
    <file relUrl="Views/EnTuHogar/MaxConexion.aspx" publishTime="06/24/2015 13:21:39" />
    <file relUrl="img/favicon.ico" publishTime="05/15/2015 20:20:36" />
    <file relUrl="img/contenido/canales/bw/cuarenta.png" publishTime="05/15/2015 20:21:12" />
    <file relUrl="img/contenido/sistema-operativo-ico.png" publishTime="05/15/2015 20:20:52" />
    <file relUrl="img/contenido/canales/bw/espn3.png" publishTime="05/15/2015 20:21:14" />
    <file relUrl="img/inversionistas.png" publishTime="05/15/2015 20:20:36" />
    <file relUrl="img/contenido/canales/cnn.png" publishTime="05/15/2015 20:20:56" />
    <file relUrl="img/movil.png" publishTime="05/15/2015 20:20:38" />
    <file relUrl="img/contenido/canales/space.png" publishTime="05/15/2015 20:21:06" />
    <file relUrl="img/contenido/canales/studio-universal.png" publishTime="05/15/2015 20:21:06" />
    <file relUrl="img/btn-add_d.png" publishTime="05/15/2015 20:20:28" />
    <file relUrl="img/contenido/cellacom.png" publishTime="05/15/2015 20:20:44" />
    <file relUrl="img/btn-porta.png" publishTime="05/15/2015 20:20:30" />
    <file relUrl="img/contenido/canales/tv-azteca2.png" publishTime="05/15/2015 20:21:08" />
    <file relUrl="Views/TerminosYCondiciones/Index.aspx" publishTime="06/23/2015 23:10:59" />
    <file relUrl="img/contenido/deportes-ico.png" publishTime="05/15/2015 20:20:46" />
    <file relUrl="img/fb.png" publishTime="05/15/2015 20:20:36" />
    <file relUrl="img/contenido/canales/bw/fx.png" publishTime="05/15/2015 20:21:14" />
    <file relUrl="img/btn_wide-add.png" publishTime="05/15/2015 20:20:34" />
    <file relUrl="Areas/AccesoClientes/Views/MiCuenta/Index.aspx" publishTime="06/24/2015 13:14:38" />
    <file relUrl="img/contenido/canales/history-channel.png" publishTime="05/15/2015 20:21:00" />
    <file relUrl="img/contenido/canales/bw/hbo2.png" publishTime="05/15/2015 20:21:16" />
    <file relUrl="img/contenido/canales/bw/52-mx.png" publishTime="05/15/2015 20:21:08" />
    <file relUrl="img/x-red.png" publishTime="05/15/2015 20:20:40" />
    <file relUrl="img/contenido/canales/bw/vh1.png" publishTime="05/15/2015 20:21:22" />
    <file relUrl="img/contenido/canales/hbo-signature.png" publishTime="05/15/2015 20:21:00" />
    <file relUrl="img/contenido/canales/boomerang.png" publishTime="05/15/2015 20:20:54" />
    <file relUrl="img/btn-sombra_bg.png" publishTime="05/15/2015 20:20:30" />
    <file relUrl="img/contenido/canales/max.png" publishTime="05/15/2015 20:21:04" />
    <file relUrl="img/contenido/conectividad.png" publishTime="05/18/2015 10:27:28" />
    <file relUrl="img/contenido/canales/bw/disney-junior.png" publishTime="05/15/2015 20:21:12" />
    <file relUrl="img/contenido/bloques-carta.png" publishTime="05/15/2015 20:20:44" />
    <file relUrl="img/contenido/max-diversion-logo.png" publishTime="05/15/2015 20:20:48" />
    <file relUrl="Areas/AtencionAClientes/Views/Web.config" publishTime="06/23/2015 23:09:48" />
    <file relUrl="img/contenido/canales/glitz.png" publishTime="05/15/2015 20:21:00" />
    <file relUrl="img/contenido/canales/fox-sports3.png" publishTime="05/15/2015 20:21:00" />
    <file relUrl="img/contenido/canales/bw/telemundo.png" publishTime="05/15/2015 20:21:20" />
    <file relUrl="img/btn_l.png" publishTime="05/15/2015 20:20:32" />
    <file relUrl="img/contenido/tab.png" publishTime="05/15/2015 20:20:52" />
    <file relUrl="img/contenido/am517.png" publishTime="05/15/2015 20:20:44" />
    <file relUrl="img/contenido/about-hogar.png" publishTime="05/15/2015 20:20:44" />
    <file relUrl="img/contenido/canales/bw/tdn.png" publishTime="05/15/2015 20:21:20" />
    <file relUrl="img/btn-sombra_l.png" publishTime="05/15/2015 20:20:30" />
    <file relUrl="img/next.png" publishTime="05/15/2015 20:20:38" />
    <file relUrl="img/contenido/celmax.png" publishTime="05/15/2015 20:20:44" />
    <file relUrl="img/contenido/canales/bw/fox.png" publishTime="05/15/2015 20:21:14" />
    <file relUrl="img/contenido/canales/bw/tcm.png" publishTime="05/15/2015 20:21:20" />
    <file relUrl="img/contenido/canales/ng-channel.png" publishTime="05/15/2015 20:21:04" />
    <file relUrl="img/contenido/tarjeta-red-ico.png" publishTime="05/15/2015 20:20:52" />
    <file relUrl="img/contenido/mi-tv.png" publishTime="05/15/2015 20:20:50" />
    <file relUrl="img/contenido/intelbras-01.png" publishTime="05/15/2015 20:20:48" />
    <file relUrl="img/contenido/canales/golden.png" publishTime="05/15/2015 20:21:00" />
    <file relUrl="img/contenido/canales/bw/once.png" publishTime="05/15/2015 20:21:18" />
    <file relUrl="img/contenido/canales/paramount-channel.png" publishTime="05/15/2015 20:21:04" />
    <file relUrl="img/movil-m.png" publishTime="05/15/2015 20:20:38" />
    <file relUrl="img/contenido/canales/film-zone.png" publishTime="05/15/2015 20:21:00" />
    <file relUrl="img/contenido/canales/bw/bandamax.png" publishTime="05/15/2015 20:21:10" />
    <file relUrl="img/login.png" publishTime="05/15/2015 20:20:36" />
    <file relUrl="img/contenido/canales/bw/mtv.png" publishTime="05/15/2015 20:21:18" />
    <file relUrl="img/contenido/canales/bw/canal-congreso.png" publishTime="05/15/2015 20:21:10" />
    <file relUrl="img/contenido/canales/bw/tv3.png" publishTime="05/15/2015 20:21:22" />
    <file relUrl="img/contenido/3mb.png" publishTime="05/15/2015 20:20:42" />
    <file relUrl="img/contenido/nacionales-ico.png" publishTime="05/15/2015 20:20:50" />
    <file relUrl="img/login_h.png" publishTime="05/15/2015 20:20:36" />
    <file relUrl="img/contenido/canales/bw/discovery-turbo.png" publishTime="05/15/2015 20:21:12" />
    <file relUrl="img/contenido/canales/disney.png" publishTime="05/15/2015 20:20:58" />
    <file relUrl="Views/AtencionAClientes/Index.aspx" publishTime="06/24/2015 13:09:25" />
    <file relUrl="img/contenido/canales/bw/golden.png" publishTime="05/15/2015 20:21:14" />
    <file relUrl="img/contenido/canales/bw/hbo-family.png" publishTime="05/15/2015 20:21:14" />
    <file relUrl="img/btn_r.png" publishTime="05/15/2015 20:20:32" />
    <file relUrl="img/contenido/canales/bw/fox-sports3.png" publishTime="05/15/2015 20:21:14" />
    <file relUrl="Areas/AccesoClientes/Views/MiCuenta/Registrate.aspx" publishTime="06/24/2015 13:14:38" />
    <file relUrl="img/contenido/canales/bw/hbo-plus-este.png" publishTime="05/15/2015 20:21:14" />
    <file relUrl="img/contenido/canales/bw/espn.png" publishTime="05/15/2015 20:21:14" />
    <file relUrl="img/contenido/canales/bw/cadena-tres.png" publishTime="05/15/2015 20:21:10" />
    <file relUrl="img/contenido/unidad-lectora-ico.png" publishTime="05/15/2015 20:20:54" />
    <file relUrl="img/yt.png" publishTime="05/15/2015 20:20:40" />
    <file relUrl="js/oferta.js" publishTime="06/23/2015 23:09:48" />
    <file relUrl="img/contenido/maxcom-tv.png" publishTime="05/15/2015 20:20:50" />
    <file relUrl="img/internet.png" publishTime="05/15/2015 20:20:36" />
    <file relUrl="img/contenido/canales/mc.png" publishTime="05/15/2015 20:21:04" />
    <file relUrl="packages.config" publishTime="06/23/2015 23:09:49" />
    <file relUrl="img/contenido/canales/espn2.png" publishTime="05/15/2015 20:20:58" />
    <file relUrl="img/contenido/cloud-big.png" publishTime="05/15/2015 20:20:46" />
    <file relUrl="img/contenido/canales/cine-canal.png" publishTime="05/15/2015 20:20:56" />
    <file relUrl="img/contenido/intelbras-03.png" publishTime="05/15/2015 20:20:48" />
    <file relUrl="img/contenido/canales/bw/tbs.png" publishTime="05/15/2015 20:21:20" />
    <file relUrl="img/contacto.png" publishTime="05/15/2015 20:20:36" />
    <file relUrl="img/contenido/canales/tv-azteca.png" publishTime="05/15/2015 20:21:08" />
    <file relUrl="img/contenido/comunicacion.png" publishTime="05/15/2015 20:20:46" />
    <file relUrl="img/btn-sombra_r-h.png" publishTime="05/15/2015 20:20:30" />
    <file relUrl="img/contenido/am66.png" publishTime="05/15/2015 20:20:44" />
    <file relUrl="Areas/AccesoClientes/Views/AudioConferencia/Index.aspx" publishTime="06/24/2015 13:14:38" />
    <file relUrl="img/config-arrow.png" publishTime="05/15/2015 20:20:34" />
    <file relUrl="img/contenido/canales/espn3.png" publishTime="05/15/2015 20:20:58" />
    <file relUrl="img/contenido/canales/tdn-2.png" publishTime="05/15/2015 20:21:06" />
    <file relUrl="img/contenido/procesador-ico.png" publishTime="05/15/2015 20:20:52" />
    <file relUrl="img/checked-alt.png" publishTime="05/15/2015 20:20:34" />
    <file relUrl="img/contenido/canales/bw/tv-azteca2.png" publishTime="05/15/2015 20:21:22" />
    <file relUrl="img/contenido/canales/bw/boomerang.png" publishTime="05/15/2015 20:21:10" />
    <file relUrl="js/canales.js" publishTime="06/04/2015 13:27:50" />
    <file relUrl="img/contenido/canales/bw/studio-universal.png" publishTime="05/15/2015 20:21:20" />
    <file relUrl="img/prev.png" publishTime="05/15/2015 20:20:38" />
    <file relUrl="img/contenido/mundo-cultura-ico.png" publishTime="05/15/2015 20:20:50" />
    <file relUrl="img/contenido/canales/hbo-plus-este.png" publishTime="05/15/2015 20:21:00" />
    <file relUrl="img/contenido/canales/bw/tv-azteca.png" publishTime="05/15/2015 20:21:22" />
    <file relUrl="img/btn_wide-add-h.png" publishTime="05/15/2015 20:20:34" />
    <file relUrl="img/checked.png" publishTime="05/15/2015 20:20:34" />
    <file relUrl="img/contenido/canales/bw/nick-jr.png" publishTime="05/15/2015 20:21:18" />
    <file relUrl="img/contenido/canales/siete.png" publishTime="05/15/2015 20:21:04" />
    <file relUrl="img/contenido/canales/kw.png" publishTime="05/15/2015 20:21:02" />
    <file relUrl="img/btn-sombra_l-h.png" publishTime="05/15/2015 20:20:30" />
    <file relUrl="img/btn_r-h.png" publishTime="05/15/2015 20:20:32" />
    <file relUrl="img/contenido/maxinternet-logo.png" publishTime="05/15/2015 20:20:50" />
    <file relUrl="img/contenido/w-cloud-dark.png" publishTime="05/15/2015 20:20:54" />
    <file relUrl="img/contenido/canales/tru-tv.png" publishTime="05/15/2015 20:21:08" />
    <file relUrl="img/contenido/canales/nick.png" publishTime="05/15/2015 20:21:04" />
    <file relUrl="img/contenido/canales/bw/mariavision.png" publishTime="05/15/2015 20:21:18" />
    <file relUrl="img/btn_wide_r.png" publishTime="05/15/2015 20:20:34" />
    <file relUrl="img/contenido/tutoriales-guias.png" publishTime="05/15/2015 20:20:52" />
    <file relUrl="img/contenido/canales/nick-jr.png" publishTime="05/15/2015 20:21:04" />
    <file relUrl="Views/AccesoClientes/Index.aspx" publishTime="06/24/2015 13:14:45" />
    <file relUrl="img/contenido/canales/natgeo-wild.png" publishTime="05/15/2015 20:21:04" />
    <file relUrl="img/fb-h.png" publishTime="05/15/2015 20:20:36" />
    <file relUrl="Areas/AtencionAClientes/Views/EnvianosUnMensaje/YaSoyCliente.aspx" publishTime="06/24/2015 13:14:45" />
    <file relUrl="img/contenido/watermark.png" publishTime="05/15/2015 20:20:54" />
    <file relUrl="img/contenido/acceso-icon.png" publishTime="05/15/2015 20:20:44" />
    <file relUrl="js/jquery-1.11.1.min.js" publishTime="06/23/2015 23:09:48" />
    <file relUrl="img/contenido/canales/a-and-e.png" publishTime="05/15/2015 20:20:54" />
    <file relUrl="img/btn_wide_l-h.png" publishTime="05/15/2015 20:20:34" />
    <file relUrl="img/contenido/canales/bw/discovery.png" publishTime="05/15/2015 20:21:12" />
    <file relUrl="img/contenido/canales/tiin.png" publishTime="05/15/2015 20:21:06" />
    <file relUrl="img/contenido/canales/una-voz-con-todos.png" publishTime="05/15/2015 20:21:08" />
    <file relUrl="img/contenido/canales/bw/natgeo-wild.png" publishTime="05/15/2015 20:21:18" />
    <file relUrl="img/contenido/canales/bw/fox-news.png" publishTime="05/15/2015 20:21:14" />
    <file relUrl="img/contenido/canales/bw/warnerbros.png" publishTime="05/15/2015 20:21:22" />
    <file relUrl="img/contenido/8mb.png" publishTime="05/15/2015 20:20:42" />
    <file relUrl="img/contenido/entretenimiento-ico.png" publishTime="05/15/2015 20:20:46" />
    <file relUrl="img/contenido/canales/premier.png" publishTime="05/15/2015 20:21:04" />
    <file relUrl="Areas/AccesoClientes/Views/DetalleLlamadas/Index.aspx" publishTime="06/24/2015 13:14:38" />
    <file relUrl="img/contenido/canales/tooncast.png" publishTime="05/15/2015 20:21:06" />
    <file relUrl="img/contenido/canales/bw/lifetime.png" publishTime="05/15/2015 20:21:18" />
    <file relUrl="img/contenido/canales/bw/baby-tv.png" publishTime="05/15/2015 20:21:10" />
    <file relUrl="img/contenido/canales/52-mx.png" publishTime="05/15/2015 20:20:54" />
    <file relUrl="img/contenido/canales/bw/animal-planet.png" publishTime="05/15/2015 20:21:10" />
    <file relUrl="img/contenido/canales/universal-channel.png" publishTime="05/15/2015 20:21:08" />
    <file relUrl="Areas/AtencionAClientes/Views/TutorialesYGuias/Index.aspx" publishTime="06/24/2015 13:14:45" />
    <file relUrl="img/contenido/canales/milenio.png" publishTime="05/15/2015 20:21:04" />
    <file relUrl="img/contenido/canales/fox-life.png" publishTime="05/15/2015 20:21:00" />
    <file relUrl="img/btn_dl_r-h.png" publishTime="05/15/2015 20:20:30" />
    <file relUrl="img/contenido/canales/bw/22.png" publishTime="05/15/2015 20:21:08" />
    <file relUrl="img/contenido/oficina-slp.jpg" publishTime="05/15/2015 20:20:50" />
    <file relUrl="img/contenido/biz-mediana.png" publishTime="05/15/2015 20:20:44" />
    <file relUrl="Views/StaticContent/PageNotFound.aspx" publishTime="06/24/2015 13:14:45" />
    <file relUrl="img/contenido/canales/lifetime.png" publishTime="05/15/2015 20:21:02" />
    <file relUrl="img/contenido/canales/bw/enlace.png" publishTime="05/15/2015 20:21:14" />
    <file relUrl="img/contenido/1mb.png" publishTime="05/15/2015 20:20:42" />
    <file relUrl="img/contenido/canales/disney-junior.png" publishTime="05/15/2015 20:20:58" />
    <file relUrl="img/bcg.png" publishTime="05/15/2015 20:20:26" />
    <file relUrl="img/patron.png" publishTime="05/15/2015 20:20:38" />
    <file relUrl="Views/EnTuEmpresa/SolucionesDeComunicacion.aspx" publishTime="06/24/2015 13:14:45" />
    <file relUrl="img/contenido/canales/bw/hbo-signature.png" publishTime="05/15/2015 20:21:16" />
    <file relUrl="img/unchecked-alt.png" publishTime="05/15/2015 20:20:40" />
    <file relUrl="img/contenido/canales/home-health.png" publishTime="05/15/2015 20:21:02" />
    <file relUrl="img/contenido/canales/fox-news.png" publishTime="05/15/2015 20:21:00" />
    <file relUrl="img/contenido/canales/bw/max.png" publishTime="05/15/2015 20:21:18" />
    <file relUrl="img/contenido/canales/bw/cine-canal.png" publishTime="05/15/2015 20:21:10" />
    <file relUrl="img/contenido/canales/bw/disney.png" publishTime="05/15/2015 20:21:12" />
    <file relUrl="img/contenido/memoria-ram-ico.png" publishTime="05/15/2015 20:20:50" />
    <file relUrl="img/contenido/canales/bw/tlnovelas.png" publishTime="05/15/2015 20:21:20" />
    <file relUrl="img/contenido/canales/bw/cine-latino.png" publishTime="05/15/2015 20:21:12" />
    <file relUrl="img/contenido/canales/bw/nu-music.png" publishTime="05/15/2015 20:21:18" />
    <file relUrl="img/contenido/canales/e.png" publishTime="05/15/2015 20:20:58" />
    <file relUrl="img/contenido/seguridad.png" publishTime="05/15/2015 20:20:52" />
    <file relUrl="js/jquery.touchSwipe.min.js" publishTime="06/23/2015 23:09:48" />
    <file relUrl="img/contenido/canales/bw/discovery-kids.png" publishTime="05/15/2015 20:21:12" />
    <file relUrl="img/contenido/canales/fox-sports2.png" publishTime="05/15/2015 20:21:00" />
    <file relUrl="Areas/AtencionAClientes/Views/Portabilidad/Index.aspx" publishTime="06/24/2015 13:17:03" />
    <file relUrl="img/contenido/canales/bw/isat.png" publishTime="05/15/2015 20:21:16" />
    <file relUrl="img/contenido/w-comunicacion.png" publishTime="05/15/2015 20:20:54" />
    <file relUrl="bin/Maxcom.dll" publishTime="06/24/2015 14:36:36" />
    <file relUrl="img/contenido/canales/bw/space.png" publishTime="05/15/2015 20:21:20" />
    <file relUrl="img/contenido/cinema-ico.png" publishTime="05/15/2015 20:20:44" />
    <file relUrl="img/contenido/cobertura-ie.png" publishTime="05/15/2015 20:20:46" />
    <file relUrl="img/tv-m.png" publishTime="05/15/2015 20:20:40" />
    <file relUrl="img/contenido/canales/bw/a-and-e.png" publishTime="05/15/2015 20:21:08" />
    <file relUrl="img/contenido/canales/bw/htv.png" publishTime="05/15/2015 20:21:16" />
    <file relUrl="img/contenido/canales/enlace.png" publishTime="05/15/2015 20:20:58" />
    <file relUrl="js/slider.js" publishTime="06/24/2015 02:10:26" />
    <file relUrl="img/contenido/canales/bw/fox-sports2.png" publishTime="05/15/2015 20:21:14" />
    <file relUrl="img/contenido/noticias-ico.png" publishTime="05/15/2015 20:20:50" />
    <file relUrl="img/contenido/canales/telehit.png" publishTime="05/15/2015 20:21:06" />
    <file relUrl="Views/EnTuEmpresa/Index.aspx" publishTime="06/24/2015 13:14:45" />
    <file relUrl="img/contenido/canales/bw/discovery-channel.png" publishTime="05/15/2015 20:21:12" />
    <file relUrl="bin/System.Web.WebPages.Razor.dll" publishTime="06/24/2015 02:15:25" />
    <file relUrl="img/contenido/conectividad-big.png" publishTime="05/15/2015 20:20:46" />
    <file relUrl="img/contenido/canales/bw/milenio.png" publishTime="05/15/2015 20:21:18" />
    <file relUrl="img/contenido/about-inversionistas.png" publishTime="05/15/2015 20:20:44" />
    <file relUrl="Views/Sitemap/Index.aspx" publishTime="06/24/2015 13:14:38" />
    <file relUrl="img/contenido/home-hogar.png" publishTime="05/15/2015 20:20:48" />
    <file relUrl="img/contenido/canales/fox-sports.png" publishTime="05/15/2015 20:21:00" />
    <file relUrl="img/contenido/t702c.png" publishTime="05/15/2015 20:20:52" />
    <file relUrl="img/contenido/disco-duro-ico.png" publishTime="05/15/2015 20:20:46" />
    <file relUrl="bin/System.Web.Mvc.dll" publishTime="01/05/2011 16:42:16" />
    <file relUrl="img/btn-add.png" publishTime="05/15/2015 20:20:28" />
    <file relUrl="img/contenido/canales/hbo.png" publishTime="05/15/2015 20:21:00" />
    <file relUrl="img/btn-add_h.png" publishTime="05/15/2015 20:20:28" />
    <file relUrl="Areas/AtencionAClientes/Views/EnvianosUnMensaje/Gracias.aspx" publishTime="06/24/2015 13:14:45" />
    <file relUrl="Views/Gracias/Index.aspx" publishTime="06/24/2015 13:14:45" />
    <file relUrl="img/contenido/canales/animal-planet.png" publishTime="05/15/2015 20:20:54" />
    <file relUrl="img/contenido/canales/bw/discovery-civilization.png" publishTime="05/15/2015 20:21:12" />
    <file relUrl="img/contenido/infraestructura.png" publishTime="05/15/2015 20:20:48" />
    <file relUrl="img/contenido/canales/canal-cinco.png" publishTime="05/15/2015 20:20:56" />
    <file relUrl="img/contenido/canales/tnt-series.png" publishTime="05/15/2015 20:21:06" />
    <file relUrl="img/uploads/hbo-02.jpg" publishTime="05/15/2015 20:21:22" />
    <file relUrl="img/contenido/canales/vh1.png" publishTime="05/15/2015 20:21:08" />
    <file relUrl="img/hogar.png" publishTime="05/15/2015 20:20:36" />
    <file relUrl="img/contenido/canales/bw/axn.png" publishTime="05/15/2015 20:21:10" />
    <file relUrl="img/uploads/el-financiero-03.jpg" publishTime="05/15/2015 20:21:22" />
    <file relUrl="img/contenido/w-conectividad.png" publishTime="05/15/2015 20:20:54" />
    <file relUrl="img/contenido/canales/telemundo.png" publishTime="05/15/2015 20:21:06" />
    <file relUrl="img/contenido/canales/bw/nick.png" publishTime="05/15/2015 20:21:18" />
    <file relUrl="img/contenido/canales/sony.png" publishTime="05/15/2015 20:21:06" />
    <file relUrl="img/x.png" publishTime="05/15/2015 20:20:40" />
    <file relUrl="img/unselected.png" publishTime="05/15/2015 20:20:40" />
    <file relUrl="img/contenido/canales/discovery-turbo.png" publishTime="05/15/2015 20:20:58" />
    <file relUrl="img/contenido/canales/cadena-tres.png" publishTime="05/15/2015 20:20:54" />
    <file relUrl="img/contenido/canales/nu-music.png" publishTime="05/15/2015 20:21:04" />
    <file relUrl="bin/Maxcom.pdb" publishTime="06/24/2015 14:36:36" />
    <file relUrl="img/marker.png" publishTime="05/15/2015 20:20:38" />
    <file relUrl="img/contenido/canales/bw/max-prime.png" publishTime="05/15/2015 20:21:18" />
    <file relUrl="img/contenido/w-conectividad-dark.png" publishTime="05/18/2015 10:27:28" />
    <file relUrl="img/contenido/canales/bw/tv-unam.png" publishTime="05/15/2015 20:21:22" />
    <file relUrl="img/contenido/canales/bandamax.png" publishTime="05/15/2015 20:20:54" />
    <file relUrl="img/contenido/max-tv.png" publishTime="05/15/2015 20:20:50" />
    <file relUrl="img/contenido/canales/discovery-kids.png" publishTime="05/15/2015 20:20:58" />
    <file relUrl="img/contenido/canales/tv3.png" publishTime="05/15/2015 20:21:08" />
    <file relUrl="img/contenido/acceso-clientes.png" publishTime="05/15/2015 20:20:44" />
    <file relUrl="img/contenido/canales/tcm.png" publishTime="05/15/2015 20:21:06" />
    <file relUrl="img/contenido/2mb.png" publishTime="05/15/2015 20:20:42" />
    <file relUrl="img/contenido/canales/paromount-channel.png" publishTime="05/15/2015 20:21:04" />
    <file relUrl="img/contenido/canales/mtv.png" publishTime="05/15/2015 20:21:04" />
    <file relUrl="img/contenido/biz-pyme.png" publishTime="05/15/2015 20:20:44" />
    <file relUrl="img/contenido/icon-sec.png" publishTime="05/15/2015 20:20:48" />
    <file relUrl="Views/EnTuHogar/Index.aspx" publishTime="06/24/2015 13:15:51" />
    <file relUrl="img/contenido/icon-bmv.png" publishTime="05/15/2015 20:20:48" />
    <file relUrl="img/patron-footer.png" publishTime="05/15/2015 20:20:38" />
    <file relUrl="img/btn_wide-add_d.png" publishTime="05/15/2015 20:20:34" />
    <file relUrl="img/contenido/canales/bw/siete.png" publishTime="05/15/2015 20:21:20" />
    <file relUrl="img/contenido/canales/bw/hbo-plus-oeste.png" publishTime="05/15/2015 20:21:16" />
    <file relUrl="img/contenido/sobre.png" publishTime="05/15/2015 20:20:52" />
    <file relUrl="img/contenido/cloud.png" publishTime="05/15/2015 20:20:46" />
    <file relUrl="img/btn_wide_bg-h.png" publishTime="05/15/2015 20:20:34" />
    <file relUrl="img/no-combo.png" publishTime="05/15/2015 20:20:38" />
    <file relUrl="js/forms.js" publishTime="06/23/2015 23:09:48" />
    <file relUrl="img/contenido/cobertura.jpg" publishTime="05/15/2015 20:20:46" />
    <file relUrl="img/contenido/canales/hbo-family.png" publishTime="05/15/2015 20:21:00" />
    <file relUrl="img/contenido/canales/bw/nick-toons.png" publishTime="05/15/2015 20:21:18" />
    <file relUrl="img/contenido/comunicacion-big.png" publishTime="05/15/2015 20:20:46" />
  </publishProfile>
</publishData>